{
  "subType" : "customapp",
  "description" : "EventSOS",
  "version" : "1.0",
  "intSvcs" : [ {
    "name" : "getLatLang",
    "version" : "1.0"
  }, {
    "name" : "KMSService",
    "version" : "1.0"
  }, {
    "name" : "BoxService",
    "version" : "1.0"
  }, {
    "name" : "accountlogin",
    "version" : "1.0"
  } ],
  "orchSvcs" : [ {
    "name" : "EventsOrchService",
    "version" : "1.0"
  } ],
  "objectSvcs" : [ {
    "name" : "EventsSOS",
    "version" : "1.0"
  }, {
    "name" : "EventOrchSDO",
    "version" : "1.0"
  } ],
  "identity" : [ "userstore", "customAccountLogin", "linkedIdentityLogin" ]
}