{
  "name" : "customAccountLogin",
  "displayName" : "customAccountLogin",
  "type" : "custom",
  "version" : "1.0",
  "metaPreference" : -1,
  "config" : "{\"header_params\":[],\"provider_params\":{\"password\":\"Kony@123\",\"userid\":\"vigneshwaran.karunanithi@kony.com\"},\"body_params\":{\"password\":\"Kony@123\",\"userid\":\"vigneshwaran.karunanithi@kony.com\"},\"custom_idp_url\":\"http://sawin1.konylabs.net:9090/services/accountlogin\"}",
  "policyConfig" : "{\"def_user_status\":\"pending\",\"max_login_fail\":5}",
  "admissionPolicy" : "no_approval_needed",
  "identityMeta" : {
    "allow_sso" : false
  },
  "ssoenabled" : false
}