[ {
  "sourceObject" : "event",
  "targetObject" : "event_banners",
  "relationshipKeys" : [ {
    "sourceField" : "event_id",
    "targetField" : "event_id",
    "etag" : "8337f0cf-fc85-4638-98ff-064bcb578a14"
  } ],
  "name" : "event_event_banners",
  "type" : "OneToMany",
  "custom" : false,
  "cascadeDelete" : true
}, {
  "sourceObject" : "event",
  "targetObject" : "event_images",
  "relationshipKeys" : [ {
    "sourceField" : "event_id",
    "targetField" : "event_id",
    "etag" : "b134ee18-faf1-4ba9-94b6-4d243f5e05d7"
  } ],
  "name" : "event_event_images",
  "type" : "OneToMany",
  "custom" : false,
  "cascadeDelete" : true
}, {
  "sourceObject" : "event",
  "targetObject" : "event_metrics",
  "relationshipKeys" : [ {
    "sourceField" : "event_id",
    "targetField" : "event_id",
    "etag" : "b0e48576-9ca0-4a64-b91c-d2d5d9fd8db1"
  } ],
  "name" : "event_event_metrics",
  "type" : "OneToMany",
  "custom" : false,
  "cascadeDelete" : true
}, {
  "sourceObject" : "event",
  "targetObject" : "event_registration",
  "relationshipKeys" : [ {
    "sourceField" : "event_id",
    "targetField" : "event_id",
    "etag" : "88915436-176f-4df2-95f2-a457ce838967"
  } ],
  "name" : "event_event_registration",
  "type" : "OneToMany",
  "custom" : false,
  "cascadeDelete" : true
}, {
  "sourceObject" : "event",
  "targetObject" : "event_sessions",
  "relationshipKeys" : [ {
    "sourceField" : "event_id",
    "targetField" : "event_id",
    "etag" : "66caa664-ab7f-4a40-ab04-51189ce8754f"
  } ],
  "name" : "event_event_sessions",
  "type" : "OneToMany",
  "custom" : false,
  "cascadeDelete" : false
}, {
  "sourceObject" : "event",
  "targetObject" : "location",
  "relationshipKeys" : [ {
    "sourceField" : "event_id",
    "targetField" : "event_id",
    "etag" : "acd9bceb-2443-4f58-8382-2cea3599115c"
  } ],
  "name" : "event_location",
  "type" : "OneToMany",
  "custom" : false,
  "cascadeDelete" : true
}, {
  "sourceObject" : "event",
  "targetObject" : "presenter",
  "relationshipKeys" : [ {
    "sourceField" : "event_id",
    "targetField" : "event_id",
    "etag" : "ae65e15e-c413-4ec0-a2da-159e722f66aa"
  } ],
  "name" : "event_presenter",
  "type" : "OneToMany",
  "custom" : false,
  "cascadeDelete" : true
} ]