{
  "name" : "linkedIdentityLogin",
  "displayName" : "linkedIdentityLogin",
  "type" : "oauth2",
  "version" : "1.0",
  "metaPreference" : -1,
  "config" : "{\"logout_url\":\"\",\"auth_type\":\"oauth2\",\"additional_data\":{\"refresh_request\":[],\"token_request\":[],\"revoke_request\":[{\"source\":\"constant\",\"value\":\"json\",\"key\":\"format\"}],\"profile_request\":[{\"in\":\"query\",\"source\":\"constant\",\"value\":\"json\",\"key\":\"format\"}],\"authorize_request\":[]},\"grant_type\":\"authorization_code\",\"scope\":\"r_basicprofile r_emailaddress\",\"profile\":{\"profile_attribute_selectors\":{\"federation_id\":\"id\",\"last_name\":\"lastName\",\"custom_profile_attribute_selectors\":{},\"first_name\":\"firstName\",\"email\":\"emailAddress\"},\"endpoint\":{\"location\":\"url\",\"type\":\"direct\",\"value\":\"https://api.linkedin.com/v1/people/~:(id,first-name,last-name,email-address)\"},\"request_method\":\"GET\"},\"authentication_scheme\":\"header\",\"dependent_providers\":[],\"client_authentication\":{\"authentication_scheme\":\"form\",\"client_secret\":\"7sunqFoFLarmI5zm\",\"client_id\":\"86c1ipmaqa70h5\"},\"oauthProviderType\":\"linkedin\",\"authorization_endpoint\":\"https://www.linkedin.com/oauth/v2/authorization\",\"token_endpoint\":\"https://www.linkedin.com/oauth/v2/accessToken\"}",
  "policyConfig" : "{\"def_user_status\":\"pending\",\"max_login_fail\":5}",
  "admissionPolicy" : "no_approval_needed",
  "identityMeta" : {
    "allow_sso" : false,
    "oauth2_success_url_config" : {
      "allow_any" : true,
      "allowed_urls" : [ ],
      "default" : -1
    }
  },
  "ssoenabled" : false
}