<?xml version="1.0" encoding="UTF-8" standalone="yes"?>
<service serviceGroup="" cachable="false" cacheduration="" description="" endpoint="default" groupType="" id="login" passwordencrypted="false" security="public" type="jsonConnector" smscode="" smsenabled="false">
    <service-config>
        <config-param api-version="" appid="" name="preprocessorname" value=""/>
        <config-param api-version="" appid="" name="postprocessorname" value=""/>
        <config-param api-version="" appid="" name="preprocessorJS" value=""/>
        <config-param api-version="" appid="" name="postprocessorJS" value=""/>
        <config-param api-version="" appid="" name="kony_http_supported_methods" value="POST"/>
        <config-param api-version="" appid="" name="endpointUrl" value="http://sawin1.konylabs.net:9090/authService/accounts/login"/>
        <config-param api-version="" appid="" name="ignorehttpproxy" value="true"/>
        <config-param api-version="" appid="" name="http.method" value="POST"/>
        <config-param api-version="" appid="" name="dataObjectName" value=""/>
        <config-param api-version="" appid="" name="sockettimeout" value=""/>
        <config-param api-version="" appid="" name="responseEncoding" value="UTF-8"/>
        <config-param api-version="" appid="" name="isembedxmlpresent" value="false"/>
        <config-param api-version="" appid="" name="retrycount" value="0"/>
    </service-config>
    <service-input passthrough="true">
        <header datatype="" name="" passthrough="false">
            <param datatype="string" defaultvalue="application/json" description="" encode="false" format="None" formatvalue="" name="Content-Type" order="" sms-name="" src="request" sourcevalue="" srcformatvalue="" target="" targetdatatype="" testvalue="" value="application/json">
                <accessType></accessType>
            </param>
        </header>
    </service-input>
    <service-output passthrough="false">
        <record id="security_attributes" order="" src=".">
            <param datatype="string" defaultvalue="" description="" encode="true" format="None" formatvalue="" name="session_token" order="" passnull="false" sms-name="" src="//value" sourcevalue="" srcformatvalue="" target="response" targetdatatype="java.lang.String" testvalue="" value="">
                <accessType></accessType>
            </param>
        </record>
        <record id="user_attributes" order="" src=".">
            <param datatype="string" defaultvalue="" description="" encode="true" format="None" formatvalue="" name="user_id" order="" passnull="false" sms-name="" src="//user_id" sourcevalue="" srcformatvalue="" target="response" targetdatatype="java.lang.String" testvalue="" value="">
                <accessType></accessType>
            </param>
        </record>
    </service-output>
</service>
