<?xml version="1.0" encoding="UTF-8" standalone="yes"?>
<endpoint name="default" type="JSON" url="http://sawin1.konylabs.net:9090/kpns" encryptSecureInfo="false">
    <config>
        <entry>
            <key>ignorehttpproxy</key>
            <value>true</value>
        </entry>
        <entry>
            <key>identityProviderType</key>
            <value>custom</value>
        </entry>
        <entry>
            <key>identityProvider</key>
            <value>customAccountLogin</value>
        </entry>
    </config>
    <apiThrottling/>
</endpoint>
